样本,MD5,SHA1,SHA256,文件类型,编译器,壳,C2域名,C2_IP,URL,注册表键,自启动,互斥体,危害等级,分析状态
888RAT,,,,,,,,,,,,,待分析
Adwind,,,,,,,,,,,,,待分析
AgentTesla,,,,,,,,,,,,,待分析
Akira,,,,,,,,,,,,,待分析
Amadey,,,,,,,,,,,,,待分析
Annabelle,,,,,,,,,,,,,待分析
ArdaMax,,,,,,,,,,,,,待分析
Azorult,,,,,,,,,,,,,待分析
BADBazaar,,,,,,,,,,,,,待分析
BadRabbit,,,,,,,,,,,,,待分析
BanLoad,,,,,,,,,,,,,待分析
Berbew,,,,,,,,,,,,,待分析
BlackGuard,,,,,,,,,,,,,待分析
BlackMoon,,,,,,,,,,,,,待分析
Blankgrabber,,,,,,,,,,,,,待分析
Bonzify,,,,,,,,,,,,,待分析
CobaltStrike,,,,,,,,,,,,,待分析
Coper,,,,,,,,,,,,,待分析
CyberGate,,,,,,,,,,,,,待分析
DarkCloud,,,,,,,,,,,,,待分析
DarkComet,,,,,,,,,,,,,待分析
Dirdex,,,,,,,,,,,,,待分析
Djvu,,,,,,,,,,,,,待分析
Emotet,,,,,,,,,,,,,待分析
ERMAC,,,,,,,,,,,,,待分析
EvilNUM,,,,,,,,,,,,,待分析
EvilQuest,,,,,,,,,,,,,待分析
FakeAV,,,,,,,,,,,,,待分析
FormBook,,,,,,,,,,,,,待分析
Gafgyt,,,,,,,,,,,,,待分析
GandCrab,,,,,,,,,,,,,待分析
GCleaner,,,,,,,,,,,,,待分析
Gh0stRAT,,,,,,,,,,,,,待分析
Glupteba,,,,,,,,,,,,,待分析
GoldenEye,,,,,,,,,,,,,待分析
GootLoader,,,,,,,,,,,,,待分析
Gozi,,,,,,,,,,,,,待分析
GoziIFSB,,,,,,,,,,,,,待分析
GULoader,,,,,,,,,,,,,待分析
Happy99,,,,,,,,,,,,,待分析
HawkEye,,,,,,,,,,,,,待分析
HawkEyeReborn,,,,,,,,,,,,,待分析
Hook,,,,,,,,,,,,,待分析
ICEDid,,,,,,,,,,,,,待分析
Imminent,,,,,,,,,,,,,待分析
Joker,,,,,,,,,,,,,待分析
KPot,,,,,,,,,,,,,待分析
latrodectus,,,,,,,,,,,,,待分析
LegionLocker,,,,,,,,,,,,,待分析
LockBit,,,,,,,,,,,,,待分析
LokiBot,,,,,,,,,,,,,待分析
Lumma,,,,,,,,,,,,,待分析
Magistr,,,,,,,,,,,,,待分析
Maldal,,,,,,,,,,,,,待分析
MASSLogger,,,,,,,,,,,,,待分析
Matiex,,,,,,,,,,,,,待分析
MeltingScreen,,,,,,,,,,,,,待分析
MetamorpherRAT,,,,,,,,,,,,,待分析
Metasploit,,,,,,,,,,,,,待分析
MiMiKatz,,,,,,,,,,,,,待分析
Mirai,,,,,,,,,,,,,待分析
MODLoader,,,,,,,,,,,,,待分析
MonsterV1,,,,,,,,,,,,,待分析
MonsterV2,,,,,,,,,,,,,待分析
Nanocore,,,,,,,,,,,,,待分析
Neshta,,,,,,,,,,,,,待分析
NETWire,,,,,,,,,,,,,待分析
NJRAT,,,,,,,,,,,,,待分析
NotPetya,,,,,,,,,,,,,待分析
Octo,,,,,,,,,,,,,待分析
Pikachu,,,,,,,,,,,,,待分析
Ploutus,,,,,,,,,,,,,待分析
Pony,,,,,,,,,,,,,待分析
PrivateLoader,,,,,,,,,,,,,待分析
PurpleFox,,,,,,,,,,,,,待分析
Pysilon,,,,,,,,,,,,,待分析
QakBot,,,,,,,,,,,,,待分析
QNodeService,,,,,,,,,,,,,待分析
Quasar,,,,,,,,,,,,,待分析
Raccoon,,,,,,,,,,,,,待分析
Ramnit,,,,,,,,,,,,,待分析
Redline,,,,,,,,,,,,,待分析
Remcos,,,,,,,,,,,,,待分析
RevangeRAT,,,,,,,,,,,,,待分析
RisePRO,,,,,,,,,,,,,待分析
Sality,,,,,,,,,,,,,待分析
SectopRAT,,,,,,,,,,,,,待分析
SmokeLoader,,,,,,,,,,,,,待分析
SnakeKeyLogger,,,,,,,,,,,,,待分析
Socgholish,,,,,,,,,,,,,待分析
Sodinokibi,,,,,,,,,,,,,待分析
SpyNote,,,,,,,,,,,,,待分析
StealC,,,,,,,,,,,,,待分析
Stormkitty,,,,,,,,,,,,,待分析
SystemMBC,,,,,,,,,,,,,待分析
TearDrop,,,,,,,,,,,,,待分析
Tinba,,,,,,,,,,,,,待分析
Tipsy,,,,,,,,,,,,,待分析
TrickBot,,,,,,,,,,,,,待分析
TruthSpy,,,,,,,,,,,,,待分析
Upatre,,,,,,,,,,,,,待分析
Vidar,,,,,,,,,,,,,待分析
WarzoneRAT,,,,,,,,,,,,,待分析
WSHRAT,,,,,,,,,,,,,待分析
XenorRat,,,,,,,,,,,,,待分析
XLoader,,,,,,,,,,,,,待分析
XMRig,,,,,,,,,,,,,待分析
XWorm,,,,,,,,,,,,,待分析
Yunsip,,,,,,,,,,,,,待分析
ZGRat,,,,,,,,,,,,,待分析
ZLoader,,,,,,,,,,,,,待分析