family,filename,size,sha256
888RAT,888RAT 1.1.1 cracked.exe,40280064,1b6148c640e0d63bfd74b9df003b3214dacf2aa678a7fce1075c25cf033e0e5c
Adwind,108ae58447a634391c067400ce7bf618_JaffaCakes118,642254,7d08062cbb665d6949ed9c14a4e21a90529462781df95a5bbc324d747c8ba1c1
AgentTesla,PAGO.gz,674459,488ed337a40681e7e82a9fbdd4e6d2fcce987deaea11ab46a89ee1ff7cdc88fa
Akira,9fd1338920e1e43932073399d021ef0cebfeb140100dd6f13b9143b37093131d.bin.sample,1029120,9fd1338920e1e43932073399d021ef0cebfeb140100dd6f13b9143b37093131d
Amadey,662119ffeb5cc0951c36e30f2f2f9c537349292775ef4a4b26a6ec219ea9db95,1882624,662119ffeb5cc0951c36e30f2f2f9c537349292775ef4a4b26a6ec219ea9db95
Azorult,1087dc61f973f13367ea32ba9ac5e3f9_JaffaCakes118,7653376,1dd2a8cfc0af9463edcdbd0ec6d78b8a9253b9e8c964543dcc2f5be9883a11de
BadRabbit,BadRabbit.exe,441899,630325cac09ac3fab908f903e3b00d0dadd5fdaa0875ed8496fcbb97a558d0da
Berbew,b11d1b2b87231dcb87b3bae27195e661.exe,466944,f03e26b89a7fd7071054f9c513fe4b0319e128f00d8b398b32825521e9c8a983
BlackGuard,UMF.Installer_v0.53.9.zip,9600021,fd1a21c9be37ab39428fd81f33d77af9a141d937f8468e7bbe75bd01be0ce5b8
BlackMoon,2024-05-03_eebffcc6416914b2b3c31f935bd802ca_icedid_xiaobaminer,1318504,0419dbce035e87960ed14b9a805d273294fb93099cf2a0a90186bf23cf892269
BlankGrabber,Zooteds_FPS_Pack.rar,7609280,7e401d2857aee24dda17756f840d4bfc2b6c21bad58b00eb398a8124bc0a4f6a
CobaltStrike,2024-05-03_f3b8c1bb3f2b7d4dafcdf8bf6ed2af55_cobalt-strike_cobaltstrike,6304507,d3ac321752a4bba5202c37ee850a87f1d93c935dee8e1c8c728a17b1e38d3601
CyberGate,f91b8fc07602d0d7c8639a7554bbcec478187c259f7441668beb6966421cf8cc,456192,f91b8fc07602d0d7c8639a7554bbcec478187c259f7441668beb6966421cf8cc
DarkCloud,0a8cd02d2ce087bd385a07dc8c27e8af85bfb4a0.zip,777,866019641f3374234b67045e063ec6514e811f1636e49b9bc3d54441bb4a6741
DarkComet,0faee8383e8088667c4e94ab44d8cf66_JaffaCakes118,774656,c462657a7b205231599e31173278275027f2b41b3426ca486e651b380b7a7273
Dirdex,106616b4d3c012a99a747f9d0e951596_JaffaCakes118,1292288,089a19bb3d0bec505d505cb6870fb9b97f14a1bec81d00307e21cfb968d87947
Emotet,106fb5f7a2b5d0e0af8609949ef37543_JaffaCakes118,683008,c11c3f409161f99f90d622f2eeb4410a4f76f13b80c84b0bb8674a2a157adf96
FakeAV,90307e8421fc5314379ba87f56a11034_NeikiAnalytics.exe,741376,f5508c69fbce303346346f9e969eb9438ebf08f0fab8a0a497e5467b88c5a567
FormBook,108156ae3609706003c6cefd6335c554_JaffaCakes118,376832,535d92c4a194c64723fdf9b7279f033085c0861d93b9f43747320759fd172afc
GULoader,586 R1  M-LINE - GEORGIA 03.05.2024.exe,501952,8950c80b785fe1dcff01dbb074a337102bf8c76a06314287d4686501617171f3
Gafgyt,1065de06187d3eb33e7608a0848e49c3_JaffaCakes118,113279,8c18ed0d34539053ebf6311f6bad0030fc144ea2daaee72bf99e877c2e95e509
GandCrab,109e409332dd0856d2ae2fbc32da86cb_JaffaCakes118,75264,2e107f8ba1f0c634aeee39cd158629a23ea32285fd9da6fe936d637a4cdb0370
Gh0stRAT,10821cd91ff6959f89e8f2bd577bd5da_JaffaCakes118,139371,9be8a4d6a944bd2ef5250a779cd42bf39ad22b87e5b2d44e4ef77731a794eec7
GoldenEye,GoldenEye.exe,260608,389a7d395492c2da6f8abf5a8a7c49c3482f7844f77fe681808c71e961bcae97
GoldenEye,GoldenEye.js,374644,28fd3a1d9087d7b103b7f6cfca002798b6365fe6ebcc66fa02dbb4a9e6378e71
GootLoader,are serval cats legal in texas 70354.js,4599096,b24f4034e87af01c1b0e49b82580ecd8898f0b259d8bc8f596e26fc6b2662120
Gozi,f5756ad8d0d3ae0256852fe7c575272f1160978625a5660e0fa64e3e6eef2c21,167424,f5756ad8d0d3ae0256852fe7c575272f1160978625a5660e0fa64e3e6eef2c21
GoziIFSB,453286093b6b2d791b2505384bda59ccadebc3078ad66f13bf4a0262011aa954,270848,453286093b6b2d791b2505384bda59ccadebc3078ad66f13bf4a0262011aa954
Happy99,Happy99.exe,10000,4ebe3e1af5e147c580ecce052fe7d7d0219d5e5a2f5e6d8a7f7291735923db18
HawkEye,0ba173af7380bbe70d970caec82ffc36_JaffaCakes118,2308096,94d061976f1bfc6f56cfacec9e19a87e9e553fb2fd99f67900cf71a72d348a3b
HawkEyeReborn,0def4e4fe77fc4499d9ade8db0f9c82a_JaffaCakes118,2049536,ee9a1d78f2e0d7d33d7ca9cdffcdc8bc55cff875ec1d3a969803b373c502824b
ICEDid,0e582f1d214712c263429692549010ef_JaffaCakes118,233472,fa79f39d2512326f3645ec051f32c4b0f175142bc5f43e0b869bdcfe32d18ca4
Imminent,10835bbaba51e62af438366f2128e5f5_JaffaCakes118,1348797,4195ef696648e960bcd28f15347ed3c6454b8dec1bbe5adc54c9a341c1070e89
KPot,105cf23b2dd4fa045429abaa8125a1b6_JaffaCakes118,312320,7141ed33f4b26a2e69ac9e1cb681891d4aed7e46b3d8920a616fb99292ac3d9c
LockBit,0f7c57b8647f802f7e37d0701dfd4b63_JaffaCakes118,574296,05312d1c61a4c8ae14fa5a8649007a8e7e72d1e1c81e9d50bc955efac80a7ba9
LokiBot,0f862236203591d35d2afb9c415ed02e_JaffaCakes118,106496,6b5b59719af8ca58a46ad20ca888e023d2124cf75d6702aeb09ab4856ccf73d4
Lumma,5ce704b101d2c1cb57abbe7dce3f3ce627340ac1766c0c5f165ed7d28d24fede,433152,5ce704b101d2c1cb57abbe7dce3f3ce627340ac1766c0c5f165ed7d28d24fede
Maldal,Maldal.exe,81920,abac285f290f0cfcd308071c9dfa9b7b4b48d10b4a3b4d75048804e59a447787
MassLogger,ecf7e1dba888e815ec3b2a05dc2a4b13_JaffaCakes118,1352192,6226b37a948914ea8bdfb9e8a1d35e26349ba1be6809ece009584a5627f52188
Matiex,0b52424adb115b1336d084cf0cfbb73e_JaffaCakes118,732160,0ed96cf4589be7b6b9b9562a165f4587ecf61e70a4958fb524f75c8b7c0b3fc9
MeltingScreen,MeltingScreen.exe,17920,9d355e4f9a51536b05269f696b304859155985957ba95eb575f3f38c599d913c
Metasploit,2024-05-03_6d67a3bdd5317d782d550ce7bc4fef46_avoslocker,2348136,557ce31352a4559d90fdcb633b9041b2f2645b53b320b0c8849fb85e9ccf8492
MiMiKatz,mimikatz_trunk 2.7z,900783,1f2338d7b628374139d373af383a1bdec1a16b43ced015849c6be4e4d90cc2c3
Mirai,1075519b2d23eb91d403fc61768c82bf_JaffaCakes118,75948,ad4becefe265bae4d774f19261f1bd3efc9af59a201861eeae25e8ea4292ebe1
MonsterV1,XMoon.exe,685224,ea0a5854aa6e91ebe816d256f34f820697a92d86b4f81e8855c84daeed40b9d4
MonsterV2,tunamor.exe,73216,78972cdde1a038f249b481ea2c4b172cc258aa294440333e9c46dcb3fbed5815
NJRAT,b54802ccdd1ae31f129f6caabdb92f45_NeikiAnalytics.exe,346052,244920bbb5c80f33b2f47d094a18c23b99aaf5fce7d87efaba0b964c0e8ace24
NJRAT,decrypted_段1.bin,32620,d47db0bdbd2243b9e77f40f2206019d8c4837b97e625685435390467c62d9f47
NJRAT,decrypted_段2.bin,13264,8b217452b33fd67f02e02507f40dde7cb99de1841ec9442eff672501e0bbdf41
NJRAT,embedded_1.bin,6208,20c26be0e1b779ae2332a157a98882e8f9e76f1c49c19a189e25f0d310bc7106
NJRAT,embedded_2.bin,56832,e0ad1c5e579a274a834c100c70a428287b453370cb3a9ea7e0bff7fa3f9c2ce8
NJRAT,embedded_pe.bin,56832,398d27970c759580249b20aa05028c2a94a56a61ce16adfe34b69b7236efe662
NJRAT,njrat.asm,76767,6101e044a13bc814f61931a64e9cbb747cbbf6e9f89f8d42ff8f9a51ab5ef690
NJRAT,njrat_decrypted.asm,497725,9914e54ed4ec396391173fd3bf6323ba88a343b05d1119ea8b506129c28144af
NJRAT,njrat_decrypted.exe,346052,774e58866b9f9c734a45613ca7333903b1917579283569e7ca26a6d780a6e111
NJRAT,seg1_decrypted.bin,32620,d47db0bdbd2243b9e77f40f2206019d8c4837b97e625685435390467c62d9f47
NJRAT,seg2_decrypted.bin,13264,8b217452b33fd67f02e02507f40dde7cb99de1841ec9442eff672501e0bbdf41
NJRAT,strings_full.txt,35517,d5130e73131ab79527c68e4136559fe8a23ca6bc4ee2ee0090b149241622d919
NJRAT,symbols.json,2062,74d2002597039b5bf9e7d1220434727d3fa759082eadd1a1e94ae81b3fcf0658
Nanocore,DiscordNSR.exe,207360,e3dd4a2c939abd57b170c6c60bca32b5c2676810111b97d0e7dcb94cf5fe05a1
Neshta,e8d9e77c555569d9d719fe5ff5c4c4f1047e157f5cbb00e7c43033bc8aefa384,7457777,e8d9e77c555569d9d719fe5ff5c4c4f1047e157f5cbb00e7c43033bc8aefa384
NotPetya,NotPetya.exe,399360,e2ea7f9581a7e1386fc6601d1421e1194373c1c891f2d406de6d49810fcc7737
Pikachu,Pikachu.exe,32768,e1dfc005d5403fb2f356276f0abe19df68249ce10e5035450926d56c2f8d3652
Ploutus,Tis_Park_Server.exe,8708608,57147a6628a7e8cf1d0328a9f983af8c848660d7cd47e68c425835a7fd77a29a
Pony,106fabcf10a5c5486f09e47e794bfef6_JaffaCakes118,2261182,cb039353e255aae53e4b500a6f1d0e98e3e688c0a4bc693582dc8238250c1e39
PrivateLoader,2024-05-03_68452609966ed034f6e024d4d6f30fc4_magniber_metamorfo,13584896,4aaa39b63ac70f09f4b18d19060d14cde160c84389cd651b0054a2f085d91fc5
QNodeService,Adwind.exe,5621,bbc572cced7c94d63a7208f4aba4ed20d1350bef153b099035a86c95c8d96d4a
QakBot,0fb531c7f6e841e36cefbaff58c70949_JaffaCakes118,6153280,66d36ffbcdd8919b6527110a03fe917c1e47dac123778945305b3baa395631f0
Quasar,r-c.exe,19429442,54991e9a08dab7c7c46738227f2ff25f5f29f69f02e264cf7df4c7ea05a47d04
Raccoon,0203ee4a4252b78a17796e7e4832dcfb921051b87e4a727eae172ea13d9424cd,7048192,0203ee4a4252b78a17796e7e4832dcfb921051b87e4a727eae172ea13d9424cd
Ramnit,106d8addd8e99bb801f5b8d93868b720_JaffaCakes118,159270,297eaf331ed9b5833d3789219e2a55f9a31ab385019f706eb72943fe469bfea6
Redline,4900-2-0x0000000000AB0000-0x0000000000B2EFAE-memory.dmp,520110,481634b783f4d622e261bac2bea4189d9778d251043cb16c4daaf0a7e6657d46
Remcos,sostener.vbs,62524,75e72bd2e1ee7d7f93a622881ee4ce8c61d19c80575848c952694af543defcbe
RisePRO,6ba442bd4812adc7ac98101130cc1c12ae0155e8a94dbe3bf2e24979ac217407,2440192,6ba442bd4812adc7ac98101130cc1c12ae0155e8a94dbe3bf2e24979ac217407
Sality,2024-05-03_9783be18049743325d4ba283797691e2_darpapox_magniber_nymaim,4931218,cb524a2931387f7e476d43761eee0f20c8c4eaa92a99c6d93ec36b210d07df39
SectopRAT,7d4751c36750da3e6ec9e50271b103343467e5a4e98197faff15271030f505d5,473601,7d4751c36750da3e6ec9e50271b103343467e5a4e98197faff15271030f505d5
SmokeLoader,f9be6fbe073f8e75344c62adff1a729494acafa18ea7c778cd0b3177a77de0f3,267264,f9be6fbe073f8e75344c62adff1a729494acafa18ea7c778cd0b3177a77de0f3
SnakeKeyLogger,FATURA VE BELGELER..exe,964608,0d5548b7d4696c67dba1d5bb827285ed2d3846fd0ad28140c198ad9c467f1bb0
Sodinokibi,0f8ee1ed415794ec053dca928a409436_JaffaCakes118,169984,6f6d4f3090669a12b7870d959302181d721436520374a4115e6c7bcfbc21cfef
StealC,da886b94c504088d53032e48ffcd264e3a3406b0342f38e44f8b1f3bbe37ef23,326144,da886b94c504088d53032e48ffcd264e3a3406b0342f38e44f8b1f3bbe37ef23
Stormkitty,wert.exe,84992,5ac2fcc4daab08132ad947ffedcf88286f2af526a260111f3ae00de9ba0a6283
SystemMBC,05135a36e3f36578a55ec1a8d0e3628a4f8912bf3c65f865cf793b58db27f357.exe,7168,05135a36e3f36578a55ec1a8d0e3628a4f8912bf3c65f865cf793b58db27f357
Tinba,0fe4698657dc7c60cf27898465620075_JaffaCakes118,101300,d914331f4a69867c663401b41005a0b0600537939e2ed1c0a391e36b44481181
TrickBot,10975711461fb80b5f653a46930925af_JaffaCakes118,479665,c3ca0e9c56a1e4cb63fcfb0cf339630978700578482bb9e38dea8e65daf6881b
Upatre,1bbd1a1ffaab13b7d54822fbd0087d68,12274,d94711e06770fc56485e14061b63d21184a0a3c4677ad25d28c1485133328015
Vidar,f74356e6d895188cc5b28c98d9305844.bin,13753645,fd00bc60b4c7347bad54513d19b2106571934a00adae9c275a6f82c6baf9a2e4
WSHRAT,test.JS,1194968,60413aef500d578efcf2ce776c02d9d6b29ec0d1070ea7d758b6c5a3544e7928
WarzoneRAT,0fe23bfe4a1aff6b6e079d8a0c942d5b_JaffaCakes118,3024701,fc1d3d71fecece914aff8c44b1ec81d413de730a51d0a1576b90bd0b0f463bd7
XMRig,106f4faa59b8fbf4099cb8ce9909738f_JaffaCakes118,1562252,f8909fca018de7b7def21fae5faf81bac6f5039155fd0a05e71b1527632ab849
XWorm,op.exe,69632,a615aece52e909040876d9f88984d4a60499f2604dc181acc69aa241dd1e1ed2
XenorRat,Odeme -(Mayis).lnk.lnk,2436,2ebd9ab34d58f221ce2034b9f43ad8b128fbc683dab962fbf6222b4eef2a3618
ZGRat,bc415aafd68de975f42d71ef25868a7de65ddf166a0bb03246243c6d1b0a0af1,558080,bc415aafd68de975f42d71ef25868a7de65ddf166a0bb03246243c6d1b0a0af1
