"样本","压缩包","内部文件","原始字节","压缩字节"
"888RAT","888rat.zip","888RAT 1.1.1 cracked.exe","40280064","39852965"
"Adwind","adwind.zip","108ae58447a634391c067400ce7bf618_JaffaCakes118","642254","584376"
"AgentTesla","agenttesla.zip","PAGO.gz","674459","674591"
"Akira","akira.zip","9fd1338920e1e43932073399d021ef0cebfeb140100dd6f13b9143b37093131d.bin.sample","1029120","415992"
"Amadey","amadey.zip","662119ffeb5cc0951c36e30f2f2f9c537349292775ef4a4b26a6ec219ea9db95","1882624","1859156"
"Annabelle","annabelle.zip","716335ba5cd1e7186c40295b199190e2b6655e48f1c1cbe12139ba67faa5e1ac.exe","16712192","16387741"
"ArdaMax","ardamax.zip","2292.dmp.exe","269246464","52342307"
"Azorult","azorult.zip","1087dc61f973f13367ea32ba9ac5e3f9_JaffaCakes118","7653376","7633580"
"BADBazaar","badbazaar.zip","0f8f67d22226c471928494591045cba7_JaffaCakes118","20358269","17438626"
"BadRabbit","badrabbit.zip","BadRabbit.exe","441899","404394"
"BanLoad","banload.zip","2024-05-03_d30ccf0a28e6fc788601e01f38fdc7db_magniber","5760360","5076195"
"Berbew","berbew.zip","b11d1b2b87231dcb87b3bae27195e661.exe","466944","144841"
"BlackGuard","blackguard.zip","UMF.Installer_v0.53.9.zip","9600021","9597819"
"BlackMoon","blackmoon.krbanker.zip","2024-05-03_eebffcc6416914b2b3c31f935bd802ca_icedid_xiaobaminer","1318504","600477"
"Blankgrabber","blankgrabber.zip","Zooteds_FPS_Pack.rar","7609280","7611638"
"Bonzify","bonzify.zip","Bonzify.exe","6702080","5866099"
"CobaltStrike","cobaltstrike.xmrig.zip","2024-05-03_f3b8c1bb3f2b7d4dafcdf8bf6ed2af55_cobalt-strike_cobaltstrike","6304507","2470625"
"Coper","coper.zip","Octo Banking Botnet.zip","35048404","34953105"
"CyberGate","cybergate.zip","f91b8fc07602d0d7c8639a7554bbcec478187c259f7441668beb6966421cf8cc","456192","429960"
"DarkCloud","darkcloud.zip","0a8cd02d2ce087bd385a07dc8c27e8af85bfb4a0.zip","777","760"
"DarkComet","darkcomet.zip","0faee8383e8088667c4e94ab44d8cf66_JaffaCakes118","774656","401238"
"Dirdex","dirdex.zip","106616b4d3c012a99a747f9d0e951596_JaffaCakes118","1292288","760625"
"Djvu","djvu.zip","cd9c59fd5a22797abe2c8e20a51b874fe2692df1b253efe1284ee6a49a630fa2","837120","711649"
"Emotet","emotet.zip","106fb5f7a2b5d0e0af8609949ef37543_JaffaCakes118","683008","323602"
"ERMAC","ermac.zip","ea763f5f92a66c49bf09e411ed56aa91.bin","1208494","1208897"
"EvilNUM","evilnum.zip","04f1fce5628ec0cff7f616a37d11bb7498974522e5400bb5a2059dd00e0d0100","339877","339925"
"EvilQuest","evilquest.zip","0fddec87384531b719e78dee5f92dcc5_JaffaCakes118","172792","74071"
"FakeAV","fakeav.zip","90307e8421fc5314379ba87f56a11034_NeikiAnalytics.exe","741376","426126"
"FormBook","formbook.zip","108156ae3609706003c6cefd6335c554_JaffaCakes118","376832","226017"
"Gafgyt","gafgyt.zip","1065de06187d3eb33e7608a0848e49c3_JaffaCakes118","113279","41033"
"GandCrab","gandcrab.zip","109e409332dd0856d2ae2fbc32da86cb_JaffaCakes118","75264","39090"
"GCleaner","gcleaner.zip","fd6077d931028e1dd90fef98a26c091066d545b68f8c0d442da09e2791381a1a","352256","226243"
"Gh0stRAT","gh0strat.zip","10821cd91ff6959f89e8f2bd577bd5da_JaffaCakes118","139371","72830"
"Glupteba","Glupteba.zip","5879794641daf8acb8116adca8fa5ce11ea3d8727d84698a7c886aa7404b69af","4397960","4279614"
"GoldenEye","goldeneye.zip","GoldenEye.exe","260608","146510"
"GoldenEye","goldeneye.zip","GoldenEye.js","374644","184096"
"GootLoader","gootloader.zip","are serval cats legal in texas 70354.js","4599096","1154776"
"Gozi","gozi.zip","f5756ad8d0d3ae0256852fe7c575272f1160978625a5660e0fa64e3e6eef2c21","167424","62852"
"GoziIFSB","goziifsb.zip","453286093b6b2d791b2505384bda59ccadebc3078ad66f13bf4a0262011aa954","270848","251569"
"GULoader","GULoader.zip","586 R1  M-LINE - GEORGIA 03.05.2024.exe","501952","428242"
"Happy99","happy99.zip","Happy99.exe","10000","5029"
"HawkEye","hawkeye.zip","0ba173af7380bbe70d970caec82ffc36_JaffaCakes118","2308096","1124727"
"HawkEyeReborn","hawkeyereborn.zip","0def4e4fe77fc4499d9ade8db0f9c82a_JaffaCakes118","2049536","1065691"
"Hook","Hook.zip","8401f87e90c842c540c3298dcea49595bfc484da3de1a2696a809687ee59de75.bin","4151959","3457181"
"ICEDid","icedid.zip","0e582f1d214712c263429692549010ef_JaffaCakes118","233472","124539"
"Imminent","imminent.zip","10835bbaba51e62af438366f2128e5f5_JaffaCakes118","1348797","605844"
"Joker","Joker.zip","0ffd4124786d4eef3eb4611b217d19a8_JaffaCakes118","30622628","29346344"
"KPot","kpot.zip","105cf23b2dd4fa045429abaa8125a1b6_JaffaCakes118","312320","163464"
"latrodectus","iatrodectus.zip","advapr.dll","4492800","1494445"
"LegionLocker","LegionLocker.zip","04df8dd30da8b5853f48cc1ac9b695a8","6395904","132717"
"LockBit","lockbit.zip","0f7c57b8647f802f7e37d0701dfd4b63_JaffaCakes118","574296","539757"
"LokiBot","lokibot.zip","0f862236203591d35d2afb9c415ed02e_JaffaCakes118","106496","54044"
"Lumma","lumma.zip","5ce704b101d2c1cb57abbe7dce3f3ce627340ac1766c0c5f165ed7d28d24fede","433152","307441"
"Magistr","magistr.zip","Magistr.exe","110080","63887"
"Maldal","maldal.zip","Maldal.exe","81920","20091"
"MASSLogger","masslogger.zip","ecf7e1dba888e815ec3b2a05dc2a4b13_JaffaCakes118","1352192","1084113"
"Matiex","matiex.zip","0b52424adb115b1336d084cf0cfbb73e_JaffaCakes118","732160","483246"
"MeltingScreen","meltingscreen.zip","MeltingScreen.exe","17920","7006"
"MetamorpherRAT","metamorpherrat.zip","8bb5159e01d8b185a9575ee419bd7bd8b414bdf19e39bc9b63c84847b0457b17","80384","59169"
"Metasploit","metasploit.zip","2024-05-03_6d67a3bdd5317d782d550ce7bc4fef46_avoslocker","2348136","1184035"
"MiMiKatz","mimikatz.zip","mimikatz_trunk 2.7z","900783","901091"
"Mirai","mirai.zip","1075519b2d23eb91d403fc61768c82bf_JaffaCakes118","75948","30634"
"MODLoader","modloader.zip","0f7e42638c9af30868a26ba1bb3ec3eb_JaffaCakes118","362023","313936"
"MonsterV1","monsterv1.zip","XMoon.exe","685224","523859"
"MonsterV2","monsterv2.zip","tunamor.exe","73216","29078"
"Nanocore","nanocore.zip","DiscordNSR.exe","207360","158977"
"Neshta","neshta.zip","e8d9e77c555569d9d719fe5ff5c4c4f1047e157f5cbb00e7c43033bc8aefa384","7457777","1899548"
"NETWire","netwire.zip","0f0298d80bf7369901281c60cb3c6143_JaffaCakes118","433340","324243"
"NJRAT","njrat.zip","b54802ccdd1ae31f129f6caabdb92f45_NeikiAnalytics.exe","346052","113055"
"NotPetya","notpetya.zip","NotPetya.exe","399360","329203"
"Octo","octo.zip","1dda2398fb3c4c2aee9b2a18f0975b921cbd2809625618d7a91d174806c677b7.bin","521311","516017"
"Pikachu","pikachu.zip","Pikachu.exe","32768","10586"
"Ploutus","ploutus.zip","Tis_Park_Server.exe","8708608","2562018"
"Pony","pony.zip","106fabcf10a5c5486f09e47e794bfef6_JaffaCakes118","2261182","891717"
"PrivateLoader","privateloader.risepro.zip","2024-05-03_68452609966ed034f6e024d4d6f30fc4_magniber_metamorfo","13584896","5978969"
"PurpleFox","PurpleFox.zip","0c9d1b8b6cea8ff6b188be7d44784900_JaffaCakes118","2052608","1613947"
"Pysilon","pysilon.zip","azel_cr.exe","84783184","84398878"
"QakBot","qakbot.zip","0fb531c7f6e841e36cefbaff58c70949_JaffaCakes118","6153280","333743"
"QNodeService","qnodeservice.zip","Adwind.exe","5621","4877"
"Quasar","quasar.empyrean.zip","r-c.exe","19429442","19412929"
"Raccoon","raccoon.zip","0203ee4a4252b78a17796e7e4832dcfb921051b87e4a727eae172ea13d9424cd","7048192","6547625"
"Ramnit","ramnit.zip","106d8addd8e99bb801f5b8d93868b720_JaffaCakes118","159270","71642"
"Redline","redline.zip","4900-2-0x0000000000AB0000-0x0000000000B2EFAE-memory.dmp","520110","232534"
"Remcos","remcos.zip","sostener.vbs","62524","7761"
"RevangeRAT","revangerat.zip","0c2f6990335ab2e2593fa2426b41bdb9_JaffaCakes118","966144","557386"
"RisePRO","risepro.zip","6ba442bd4812adc7ac98101130cc1c12ae0155e8a94dbe3bf2e24979ac217407","2440192","2370127"
"Sality","sality.zip","2024-05-03_9783be18049743325d4ba283797691e2_darpapox_magniber_nymaim","4931218","3194147"
"SectopRAT","sectoprat.stealc.zip","7d4751c36750da3e6ec9e50271b103343467e5a4e98197faff15271030f505d5","473601","348121"
"SmokeLoader","smokeloader.zip","f9be6fbe073f8e75344c62adff1a729494acafa18ea7c778cd0b3177a77de0f3","267264","131214"
"SnakeKeyLogger","snakekeylogger.zip","FATURA VE BELGELER..exe","964608","579691"
"Socgholish","socgholish.zip","106c99b259e8f7b24cb28ba4a9859ad3_JaffaCakes118","143422","20230"
"Sodinokibi","sodinokibi.zip","0f8ee1ed415794ec053dca928a409436_JaffaCakes118","169984","128209"
"SpyNote","SpyNote.zip","bb60355c7714fc835e1b92e25ca479a0f0a6b49cd3e849118b6def8a007d7661.zip","9788870","3806839"
"StealC","stealc.zip","da886b94c504088d53032e48ffcd264e3a3406b0342f38e44f8b1f3bbe37ef23","326144","200676"
"Stormkitty","stormkitty.zip","wert.exe","84992","37983"
"SystemMBC","systemmbc.zip","05135a36e3f36578a55ec1a8d0e3628a4f8912bf3c65f865cf793b58db27f357.exe","7168","3525"
"TearDrop","teardrop.zip","8387fefd3f301af8fa750628aa253276.bin","1902686","1903304"
"Tinba","tinba.zip","0fe4698657dc7c60cf27898465620075_JaffaCakes118","101300","70559"
"Tipsy","tipsy.zip","WiFiService.apk","3316666","2993014"
"TrickBot","trickbot.zip","10975711461fb80b5f653a46930925af_JaffaCakes118","479665","298056"
"TruthSpy","truthspy.zip","7ae5b896cfa90e89bb97c94d9438cde9e9c107204ace3e58cdbde7dbadaa4562","3002356","2664376"
"Upatre","upatre.zip","1bbd1a1ffaab13b7d54822fbd0087d68","12274","5151"
"Vidar","vidar.zip","f74356e6d895188cc5b28c98d9305844.bin","13753645","13757878"
"WarzoneRAT","warzonerat.zip","0fe23bfe4a1aff6b6e079d8a0c942d5b_JaffaCakes118","3024701","1736251"
"WSHRAT","wshrat.zip","test.JS","1194968","499346"
"XenorRat","xenorrat.zip","Odeme -(Mayis).lnk.lnk","2436","790"
"XLoader","xloader.zip","0f2dedc25beae91372be6f838a743395_JaffaCakes118","413869","412668"
"XMRig","xmrig.zip","106f4faa59b8fbf4099cb8ce9909738f_JaffaCakes118","1562252","1288227"
"XWorm","xworm.zip","op.exe","69632","40798"
"Yunsip","Yunsip.zip","6de56a95e5a075e683b8c4a851ce703e765dc9ec2e3cbfe3af3730408a730b29","693676","70299"
"ZGRat","zgrat.zip","bc415aafd68de975f42d71ef25868a7de65ddf166a0bb03246243c6d1b0a0af1","558080","468092"
"ZLoader","zloader.zip","TeraBox_sl_b_1.30.0.2.exe","89669904","89648792"
